faixa_horas_codificando,commits
0-2h,2.992481203007519
2-4h,4.590425531914893
4-6h,6.17948717948718
6-8h,8.0
8-10h,10.0
