faixa_horas_sono,bugs_reportados
<5h,1.8222222222222222
5-7h,1.1179245283018868
7-9h,0.49748743718592964
9h+,0.25
