faixa_cafeina,carga_cognitiva
0-100mg,4.2
100-200mg,5.175
200-300mg,4.281632653061225
300-400mg,4.175000000000001
400-500mg,4.307142857142857
500-600mg,4.652
