faixa_cafeina,distracoes
0-100mg,2.857142857142857
100-200mg,3.5416666666666665
200-300mg,3.326530612244898
300-400mg,2.5972222222222223
400-500mg,2.9489795918367347
500-600mg,2.976
