faixa_cafeina,sucesso_tarefa
0-100mg,0.0
100-200mg,0.0
200-300mg,0.0
300-400mg,0.16666666666666666
400-500mg,0.7244897959183674
500-600mg,0.88
