faixa_horas_sono,sucesso_tarefa
<5h,0.2
5-7h,0.6273584905660378
7-9h,0.6884422110552764
9h+,0.5454545454545454
