faixa_horas_ia,sucesso_tarefa
0-1h,0.4791666666666667
1-2h,0.6374269005847953
2-3h,0.7294117647058823
3-4h,0.8285714285714286
4-5h,0.6666666666666666
5h+,0.8333333333333334
