faixa_horas_codificando,sucesso_tarefa
0-2h,0.0
2-4h,0.0
4-6h,0.925531914893617
6-8h,0.8717948717948718
8-10h,0.78125
10-12h,0.6666666666666666
