faixa_horas_codificando,distracoes
0-2h,3.5714285714285716
2-4h,3.1940298507462686
4-6h,2.813953488372093
6-8h,2.6875
8-10h,3.125
10-12h,5.0
