faixa_horas_codificando,bugs_reportados
0-1h,1.0
1-2h,0.8181818181818182
2-3h,0.5217391304347826
3-4h,1.2272727272727273
4-5h,0.8055555555555556
5-6h,0.94
6-7h,1.25
7-8h,0.75
8-9h,1.375
9-10h,0.75
10-11h,0.0
11h-12h,1.5
