faixa_horas_codificando,carga_cognitiva
0-2h,4.735714285714286
2-4h,4.316417910447761
4-6h,4.647674418604651
6-8h,4.8999999999999995
8-10h,5.10625
10-12h,5.933333333333334
