faixa_horas_codificando,carga_cognitiva
0-1h,3.6999999999999997
1-2h,5.0181818181818185
2-3h,3.7217391304347824
3-4h,4.627272727272727
4-5h,4.788888888888889
5-6h,4.546
6-7h,5.008333333333334
7-8h,4.575
8-9h,5.2625
9-10h,4.95
10-11h,3.8
11h-12h,7.0
