faixa_horas_codificando,bugs_reportados
0-2h,0.8571428571428571
2-4h,0.9850746268656716
4-6h,0.8837209302325582
6-8h,1.125
8-10h,1.0625
10-12h,1.0
