faixa_horas_codificando,sucesso_tarefa
0-1h,0.0
1-2h,0.0
2-3h,0.0
3-4h,0.0
4-5h,0.8333333333333334
5-6h,0.9
6-7h,0.7777777777777778
7-8h,1.0
8-9h,0.625
9-10h,0.875
10-11h,1.0
11h-12h,0.5
