faixa_horas_codificando,sucesso_tarefa
0-2h,0.0
2-4h,0.0
4-6h,0.872093023255814
6-8h,0.8333333333333334
8-10h,0.75
10-12h,0.6666666666666666
