faixa_horas_codificando,distracoes
0-1h,3.0
1-2h,3.727272727272727
2-3h,3.217391304347826
3-4h,3.1818181818181817
4-5h,2.9166666666666665
5-6h,2.74
6-7h,2.6944444444444446
7-8h,2.6666666666666665
8-9h,2.75
9-10h,3.5
10-11h,4.0
11h-12h,5.5
