faixa_horas_codificando,carga_cognitiva
0-2h,6.1
2-4h,4.127272727272727
4-6h,4.145098039215687
6-8h,4.63623188405797
8-10h,4.28125
