faixa_horas_codificando,sucesso_tarefa
0-1h,0.0
1-2h,0.0
2-3h,0.0
3-4h,0.0
4-5h,0.98
5-6h,0.9615384615384616
6-7h,0.8888888888888888
7-8h,0.9166666666666666
8-9h,0.8571428571428571
9-10h,0.5
