faixa_horas_codificando,carga_cognitiva
0-1h,6.65
1-2h,5.977777777777778
2-3h,4.226923076923077
3-4h,4.0625
4-5h,4.29
5-6h,4.005769230769231
6-7h,4.857777777777778
7-8h,4.220833333333333
8-9h,4.0928571428571425
9-10h,5.6
