faixa_horas_codificando,distracoes
0-1h,1.5
1-2h,3.888888888888889
2-3h,2.8461538461538463
3-4h,2.525
4-5h,2.76
5-6h,3.230769230769231
6-7h,3.311111111111111
7-8h,2.8333333333333335
8-9h,2.857142857142857
9-10h,2.5
