faixa_horas_codificando,sucesso_tarefa
0-2h,0.0
2-4h,0.0
4-6h,0.9705882352941176
6-8h,0.8985507246376812
8-10h,0.8125
