faixa_horas_codificando,bugs_reportados
0-2h,1.0
2-4h,0.7424242424242424
4-6h,0.6568627450980392
6-8h,0.7971014492753623
8-10h,1.125
