faixa_horas_codificando,distracoes
0-2h,3.4545454545454546
2-4h,2.6515151515151514
4-6h,3.0
6-8h,3.1449275362318843
8-10h,2.8125
