faixa_horas_codificando,bugs_reportados
0-1h,1.5
1-2h,0.8888888888888888
2-3h,0.6923076923076923
3-4h,0.775
4-5h,0.5
5-6h,0.8076923076923077
6-7h,0.8222222222222222
7-8h,0.75
8-9h,1.1428571428571428
9-10h,1.0
